{
  "id": "d1a1s4wqf56g008zmeh0",
  "hub": "ibm-q",
  "group": "open",
  "project": "main",
  "backend": "ibm_sherbrooke",
  "state": {
    "status": "Completed"
  },
  "status": "Completed",
  "params": {
    "pubs": [
      [
        "OPENQASM 2.0; include \"qelib1.inc\"; gate rzx(param0) q0,q1 { h q1; cx q0,q1; rz(param0) q1; cx q0,q1; h q1; } gate ecr q0,q1 { rzx(pi/4) q0,q1; x q0; rzx(-pi/4) q0,q1; } qreg q[127]; creg c[4]; rz(-pi) q[0]; sx q[0]; rz(-pi/2) q[1]; sx q[1]; rz(-pi) q[1]; ecr q[1],q[0]; rz(-pi/2) q[0]; sx q[0]; rz(-3*pi/8) q[0]; sx q[0]; rz(pi/2) q[0]; rz(pi/2) q[1]; sx q[1]; rz(-pi) q[2]; sx q[2]; rz(-pi) q[2]; ecr q[1],q[2]; rz(pi/2) q[1]; sx q[1]; rz(-pi/2) q[1]; sx q[2]; rz(-pi/2) q[2]; rz(-pi/2) q[3]; sx q[3]; rz(-pi) q[3]; ecr q[3],q[2]; rz(-pi) q[2]; measure q[0] -> c[0]; measure q[1] -> c[1]; measure q[2] -> c[2]; measure q[3] -> c[3];",
        [],
        4096
      ]
    ],
    "version": 2,
    "support_qiskit": false
  },
  "program": {
    "id": "sampler"
  },
  "created": "2025-06-19T14:20:03.767Z",
  "ended": "2025-06-19T14:20:30.131Z",
  "runtime": "",
  "cost": 600,
  "tags": [
    "composer-info:composer:true",
    "composer-info:code-id:ef82d445e91d398f988162b788b55d43dd689bcfa12e294fe49570ec281c2555",
    "composer-info:code-version-id:68541c85e422c5d30cacdc00"
  ],
  "session_id": null,
  "usage": {
    "seconds": 0
  },
  "private": false,
  "user_id": "684d513ffd100e6964cc8b2d"
}